user_34,group_1,b55bbfeb4200997ea5f3647d568d6e504f012df5,1460130411
user_34,group_1,4e51293891ee227cc7fd24236f1fc307ed7f8ceb,1460078264
user_34,group_1,205c7895d9cc84fcd38d5b35802cccc4444d95e2,1460076948
user_34,group_1,86ddfe3dd480eab5dc0e441cd6b27bec17392d07,1459898113
user_34,group_1,ea7f6e1ced39c0bcd93d1e445710d6cbc96ec712,1459884523
user_34,group_1,905486c2301191b7cde7d94a0119363ab186a756,1459884060
user_34,group_1,0081c08b288011e1b1f59deb89f84364dca3bf8a,1459884024
user_34,group_1,e0dc2d05586f5f9dd4aefa01590c62a24a2aaa79,1459788362
user_34,group_1,655b4d8e22790b60ff4d6e56a37190ce4d953acd,1459788299
user_57,group_1,8828b00534c58d0e633bcfc1598bfd446add28eb,1459750936
user_57,group_1,1e6231f4030d3aa2e6def13fce61b0397b104d50,1459750900
user_34,group_1,a61f08b50bcd83d7144517d5adb3ced8d33c9cda,1459743754
user_34,group_1,81886e70315d84304d1a0d342d14ec74c8e8c396,1459730361
user_34,group_1,df9c13d9d7000c49a544a6f3e6914525fae08312,1459730338
user_30,group_1,acb0f195123df865db31c0d08038887974252c44,1459728064
user_34,group_1,511d6df7e8483a14ec3f85f2e313d6586309ad5a,1459726656
user_34,group_1,2d9ff9735fc4a244c58157b306833ac3c2226e98,1459726398
user_34,group_1,4c318902d072e0fe0046ae44fd72a1ca5ce81986,1459725678
user_34,group_1,e5b6f0dcc4c42a74d7b381780f3a4802c5bbaf28,1459724054
user_34,group_1,44f3735774f8b4f9696ed067ba72e275154e3b5f,1459719527
user_34,group_1,e06309da097f88972a83c9e1315edb5899a1a0a5,1459719393
user_34,group_1,7b9778b274b81361afae22f33255e98177b87397,1459716549
user_3,group_1,31ecf8819543e9b5af3f83fef1cf96747343a431,1459553647
user_3,group_1,7856e727d7107cdcb5596676230ded4eae6dd31c,1459553626
user_30,group_1,48329241c4777520165c2e42e4a93314c67028bc,1459552580
user_30,group_1,159bef892829f8098d42baf43b73da2173a1b0da,1459551739
user_30,group_1,479152e6667bf3d45c79d5f289f39eb93480c5a0,1459551725
user_3,group_1,c2e62473f79591a91bd9a299dd3d6842e39ac198,1459551633
user_3,group_1,bd8c646ad656d66bd74888a31c5a5ad462e806ea,1459551608
user_57,group_1,0b8548fc3026f4277633bc39436ce24e99e70edc,1459549525
user_57,group_1,c0fcccfc703f5a8a6103702d2da8395ecb699499,1459549487
user_34,group_1,f6c15221f6d0135986fb8f307bb62b1f92be7191,1459548920
user_34,group_1,8aa915768868e5fee5ab4ed23a272bdb6e168a64,1459548885
user_30,group_1,ee1d6cc100dd4117710e46ebd7a4544b713db528,1459547741
user_30,group_1,71294282f61958f243a8c5e642eac68dc43598fb,1459547009
user_30,group_1,65fb83ba56e7e033510233d3f2d92fc35375048a,1459545191
user_30,group_1,cfca0c8506e0a653a0da96e17151c50e22abd7ab,1459545179
user_57,group_1,9afde06aef893ef1ef11ccddc7802a33c04f2507,1459543194
user_57,group_1,cb2169db5a549bd611e6c9bbc1ff5ab333da27d4,1459543172
user_30,group_1,1856ad8606b2acdc345cf22b5ec5d38842cbfae5,1459543103
user_57,group_1,a52875539256006740f9e0ca73c63731b14d2be3,1459543088
user_3,group_1,1161a99e76422c23887b8e7e2dee176c9fbe3228,1459541998
user_3,group_1,55b308d7466ae9a6da45dec6ca7e12d5145d6c48,1459541979
user_30,group_1,2de9a8781d19991e1ad978008d1e626238d7dc74,1459541859
user_30,group_1,1c25c305566c1b23ba97ac7936da2b455597e441,1459541846
user_57,group_1,1371099c2a984a0279b8cbc87c94c8208258e4bc,1459541800
user_57,group_1,ecb31c800b5660d19992a865f82232072e359bfd,1459541767
user_57,group_1,bdd7f28965364deeb2e82546380c1d8dbbc5097a,1459541479
user_57,group_1,04754e0705af27e4c733d6f925064eaba95e2256,1459541455
user_57,group_1,168129df5c1eaf8cc4fe0b74ba6f8aa1da23d195,1459541432
user_30,group_1,566aa3c5361481b032fb4c469c118b856788a260,1459540836
user_30,group_1,06486e3b44d1588ee477aad921a828da495d850d,1459540818
user_3,group_1,2bc3875ba651e9040c58d55d637b035c01cec796,1459540604
user_3,group_1,5de8e2482316eec72f903b93bcdcdc1bace33abc,1459540245
user_34,group_1,951edfe296b474b7d1094f423316cfb911489cce,1459539805
user_34,group_1,c4f4574f62586f8eca9044852deb25ae952fdf7d,1459539745
user_34,group_1,7fa6de659101817184b2af5726336d6adec435c8,1459539715
user_3,group_1,9d425adfa542c6b841ed2bb3509cedc72b9ef548,1459537854
user_34,group_1,e56772291ba5966bb71eae2bdf7fc3b703d7d49a,1459536226
user_34,group_1,7263cfa040e513b409414e11d5450091539cde7e,1459536194
user_57,group_1,a9f320193d250a253df15f446567317b23eb3bfe,1459315733
user_57,group_1,e1fa23bebec3cd0147c82c0024235c0d470ed4f1,1459315703
user_34,group_1,c44cf7ee66c808d199d8c025b58b42c3c4832425,1459302672
user_34,group_1,af54a8d9a312d25902e4de89bb71f7448749f494,1459302234
user_30,group_1,98c2b82b9e616407938f295f3a24f4dae9635afe,1459140655
user_30,group_1,d131ceb67982ee2586aa14ad9c527c02ceca854c,1459138719
user_30,group_1,5331894cf5de2539d7f15cd386cad8ea28e0ed39,1459138697
user_34,group_1,f9ebe00f14adb7fa3434ae0440b15e6b7125ede4,1459122472
user_34,group_1,8af40b56e61fbbfccf57aae0f493b1be3f07383d,1459122398
user_57,group_1,da574710ce8d89ef39d05ec5329e474237fa5a4a,1459121443
user_57,group_1,7727584aac94d525db284255acf59f3034fbac36,1459121403
user_57,group_1,052bae976c874d2d3c9d2c16bfb5ab9675ae48ec,1459117807
user_57,group_1,cf66879167dc081f85411d75a0e7f46f7eb21eb9,1459117736
user_34,group_1,403fc76d4ce351cc1f2a4d0ce9955f1cd9d1f742,1459114455
user_57,group_1,20aa95966fdc6d6d254aecc9add0e0b8195b6d74,1459112537
user_57,group_1,9327fdd77c023265c4f74398eaf577b54fba5971,1459112519
user_57,group_1,c66d631bdd56b345700081da2e9b181cbabc9e05,1459112090
user_57,group_1,32ddd9df5376eb2057e3b7a0691729e00e497fa3,1459111897
user_34,group_1,e9b2ce00ff7fda15291dba67b740f9840e084007,1459098048
user_34,group_1,6e3e0b78f31a81bddcd02a8a497b24a5d307e66e,1459063861
user_34,group_1,4ff9cd20ce3a4c61ecdf4e2e5a65e1030a04810a,1459050221
user_34,group_1,c2c7a2bf2844b7af6a64f00a0b220723974efef0,1459049124
user_34,group_1,b3115fff5f57d1b33e38bf3b46ed214e1d23d643,1459049047
user_34,group_1,98ecb3e795c486c570e7048e0b750fc5691d885d,1459047865
user_30,group_1,914e1c86e7c879039e66e48ce244ca0da7b1b6b3,1459029215
user_34,group_1,eae9c59f405b86e79abc27cdda9efce27a51b269,1458938711
user_34,group_1,f0d955e81193f828f5478bf900151ac80b2d6cab,1458937624
user_30,group_1,3d9a3d38c9dde099372d11d0cc9b806df04bbb69,1458780576
user_30,group_1,a63bd290f2299505c35a563e7e45f20ab58a0f17,1458780494
user_57,group_1,8fae5c4c90a3be737f2bdb9064411e0101517a4a,1458596005
user_57,group_1,4b027db43e11a3db30f424aa9f9a808139ab3ae4,1458447488
user_57,group_1,12cdbabd34ef3c9057fa4927be6c8a38d408e4a8,1457645099
user_30,group_1,686316d9e0160c71a09f8a1c2f9136e93d3783da,1457055906
user_30,group_1,d646eaa24f063e2d3278bc9c11d49f503639dda8,1457055162
user_57,group_1,d193990137d4a554459d94e3cc05db35dc12bb64,1457031201
user_57,group_1,c485267f02342997ad04f1221a1bb29e1bcd10e8,1457030876
user_57,group_1,859e27a490b72c8f35742587d78f21aef611cba2,1457030841
user_34,group_1,813cd83107629b0d5e162116af589bc72d1d0d6c,1457030782
user_57,group_1,66b04ba3db19b0dd25841347782e478b43992b7d,1456982513
user_57,group_1,ba0987424d0f88b5c4f10d2bd758f45e443edc5d,1456982460
user_43,group_2,3c816e62e681db12a27709596011cd8f71e089b4,1462125659
user_43,group_2,a06da0b4a84928c39bf4f7a4f1c247e2eba51253,1462124694
user_43,group_2,198c5a164b03f6b7d6035d3c1833e70d31cbfec4,1462124684
user_41,group_2,49b6bffaf15a456fd50f28e04292724e6dafb9d7,1462117692
user_41,group_2,39701d24503f6c770d5f501d582ef0e25784e14b,1462117688
user_43,group_2,1145d3daf653f42f54c9c6e4eed27a7ecc34ba47,1462115992
user_43,group_2,53d361c3de36b190632d86a4a608d4addf9b38a2,1462115982
user_41,group_2,82c28496a64554847cd8221c1d729997703e0850,1462114298
user_41,group_2,f6251eea72fb53f52f27b9263a34d19a00409b7f,1462114144
user_41,group_2,2234f3894eada895c32d93b6f4212b4bbd52bb49,1462114135
user_43,group_2,9a943dc4a5cf62f110966f1fe6898c99c2a54939,1462079504
user_43,group_2,84020da67da976fd8c0b4fd1612ba04f55acc288,1462077634
user_43,group_2,d7298cdb13c6928ba0fb10bb7441abf1bbfba7c8,1462077601
user_43,group_2,9fdd75ce48f22dc71dbcbcf3ead976259bf9b862,1462077266
user_43,group_2,c67bf9eddd5dbc88ac0262984f681e2edc1147aa,1462073267
user_13,group_2,13d10b0d8fb6f22e40233cdecf70e1b975fe03b2,1462053624
user_41,group_2,21a62f589ac3bb9963b44f815de8f994fc2ef50a,1462053540
user_41,group_2,636da43f16cc6e2c30049f98c700868af59aaf13,1462053535
user_43,group_2,11804730b0d3bc1b58c51b5727ee7c28c70d0128,1462053455
user_43,group_2,e7803e58d54c88f7d850c05ea7b901154bc6be18,1462053450
user_28,group_2,7639fbbf0c79d5b948529f3d79f445d1d3554345,1462051311
user_13,group_2,e2fd486e8a6adfae05e469ce61dce09e98df3c10,1462051228
user_28,group_2,cb4363451ce96f05480c57c9eeedb446312ad309,1462051198
user_13,group_2,1cc3d9d78f69f2cbdc3e7edb0395355485b1b8a1,1462051167
user_43,group_2,32d1bb13f8421ae3a2be48e8eff6e11a1e7dc75b,1462048566
user_43,group_2,6264c2482783905e74ba4bb86c7b602ff0e93d77,1462048558
user_41,group_2,900f0a8111ccaab13e14fd2527ceb7321c0ff319,1462048369
user_41,group_2,224fe32468e362cb131446bfa427a4a07e921a92,1462046083
user_41,group_2,b75ce5b669f3e41bf6e71caf2ff027f9c899768f,1462046011
user_13,group_2,826ef6c06de067fcaa552e8d83e4135780d2cf5e,1462045188
user_43,group_2,4abd330d959e125ce0b3011da0f6ed9b069441ca,1462043146
user_43,group_2,13529d5c4064523b5c4d6b4120b9e7ba7f6a173a,1462043139
user_41,group_2,a866a5b1aa4938e74a407f676e781f736ab6d0f9,1462042552
user_41,group_2,1550abf9bbad48acdb8b3f2791a3d101ea9dbbd5,1462042533
user_43,group_2,c0c340fda054f6b4f92b90eb432741e7a6813afc,1462039988
user_43,group_2,2fecc67ff38ded942aea50719be3775fc55b01e0,1462038723
user_43,group_2,2a66e1d17c2aabb7a3712ac454c8b111cdda6262,1462033720
user_41,group_2,00e040d632d5649ae07086fc15c9ce964bc9176e,1462031289
user_43,group_2,c59b24e20d9bcff9801310fe73d508ccd7970884,1462030443
user_41,group_2,b89b8332248a4d6c3cf968325117e5453f9b69e9,1462029229
user_43,group_2,a3f8d1f5faf69391f08c637604d031c35d01fa59,1461991132
user_43,group_2,751b47b4b2f0d390ca26670f9badf4592d12249f,1461991095
user_41,group_2,ac17cff8118181d1f16a7cddd4f8b132da10c6b3,1461985090
user_41,group_2,54d55fb8de16bcda59bcc4668d524ce7b05c40a1,1461944121
user_41,group_2,a67770dfc0ba7994ca4e7009f60a3968817cb8b6,1461944011
user_41,group_2,32a4f2bed2a9e2ede2be33954e6cd7a62e355f8a,1461941024
user_13,group_2,4ff51cd738a8537c22764262ba976fdfb6970aa0,1461893413
user_28,group_2,b0e8775a85a66e9dcf12807a807d4b8fda993dd8,1461759799
user_28,group_2,818237c3c8d275c7a9c4c7c57836c7ba0bcc7350,1461533362
user_28,group_2,43fe6123db9bc6a769f35faa76b76ac56dd3e122,1461533094
user_28,group_2,04c12fc8ea6428120cf1c8a147ca2bfcc28370c3,1461533084
user_28,group_2,2b400744ba4c29b172addcaf641dad7c59f77928,1461526537
user_28,group_2,0b3a864e17aae02818bfedfd9f2e8da79bc74a30,1461507058
user_28,group_2,954d16273092243ae12983b427c6910d1dae60f3,1461506543
user_28,group_2,64eb2805d7258050bc39e93e93808da3833f0ec0,1461506153
user_28,group_2,8cfb015ffebaae791be23becdd4812b0b4d97799,1461356600
user_28,group_2,86758710ed765de09155022066d7dba26780decc,1461355519
user_28,group_2,22dc0d8cc08b5282a1894c73a57ac9596b812b80,1461351172
user_28,group_2,2ee455108ff3e45ebcc47fef6dbc773d3bbc010f,1461350083
user_41,group_2,aa11154e66e1a53d95de3c0d4efe4cddfeeb5e51,1461099321
user_41,group_2,62e8709cfceab4f2179dd135f0ac7e0a0b5695af,1461097371
user_41,group_2,dd3104043d78c4e09e0442725dc7351736428f3a,1461064592
user_43,group_2,e7ce455ed0c577f2d8f13a3d6bfcd16b8c803f83,1461010282
user_43,group_2,d12f2994f0e4fb1cd18cdbb165babdb66d658fb6,1460943123
user_28,group_2,d0d5259a743ae48caaa7de0f4cc558a8bf8d14fc,1460834721
user_28,group_2,4289bb35ecf309f21a150f7c5512f5e86416571f,1460834596
user_28,group_2,28991bf93618a02ff23114e941439fbbcac1fca1,1460487221
user_28,group_2,a4a3e1fd75372bd326807ed8e3b86afc448000da,1460487208
user_28,group_2,b1766c8d2932e0d5fad7f0288143644ccc4fa434,1460402743
user_28,group_2,bfa3e881f603522fa9c608aeb08b40f275025e72,1460402727
user_28,group_2,9eab269c2be3e05bc9704bb79e98effd1cd19e2b,1460212070
user_28,group_2,396eb5eb62544dd36eadf1aaf8a36cd34b8a0caa,1460211743
user_28,group_2,2d70ae920d9a829349bd80290d748bcdac478a75,1460088046
user_28,group_2,2ed6f830352be102e6a2ee5c4f8596ba81b263ac,1460088000
user_28,group_2,55347fba83adb0aef70bb3767cc4f30c76c944e2,1460087201
user_28,group_2,0e076f86982ab77bdd30e5c66ae545ba1fc6c3ef,1460087197
user_43,group_2,715ed6092d5a5f57b8245bc57c403aa2aed6d4d3,1460083516
user_43,group_2,d952e022373f91b626c6dab1f7fec088f508eee1,1460083501
user_43,group_2,a1cadc745964da2ee64ba1a877d38b62e004e33b,1460083063
user_41,group_2,b23b157a872d7aa047c17cff42f7b86a36bee49c,1460081287
user_41,group_2,ccd0023ac3b950ef5452d053727f0f764e2681ea,1460081232
user_43,group_2,aa4069fb1c6a5227237358199aa5a299f04eded0,1460081133
user_43,group_2,1d2e7c6b4483bc6a86f21f09e6a9bdd6bcade891,1460081118
user_41,group_2,625d2af28cfca7f03147844eca119c7bc52c55a9,1460081091
user_41,group_2,21b17706e0d7ff8c99eb3590e80d10c41b5cad58,1460080507
user_41,group_2,ccfbf38bf5dea9b6694ad11fdacccf5b25839b96,1460080215
user_41,group_2,4ed277a84476e286c2128d041258097344e11c71,1460080045
user_41,group_2,c9f87c62916a0b2c8ae57dd40e20a799e8e3ca70,1460079575
user_41,group_2,0d49a5fa458c60d76ad3de3fa1bf6382625bdc2e,1460079566
user_13,group_2,cc55fe594b62994a946afa5bb6c22755f7fce405,1460065600
user_13,group_2,058e870ac0ec862670f6b8529bde1cdf78990aa1,1460036910
user_41,group_2,8fc9d414d029bfb7e1601174a0365064ee145be5,1459995562
user_41,group_2,cfe31f7baee79589e34797008deace882426193e,1459995543
user_28,group_2,8802e76b197f70bc30bd340de0228094bc25f3f0,1459991864
user_13,group_2,a6be378d21349906a6e0b78d927a1c4eaa11b5e4,1459973404
user_13,group_2,c5789a8176be5cbf23099a187522f78185a03268,1459973320
user_28,group_2,2967eaa95a492a5420f50c0b2a472e21d7ef5a75,1459965601
user_13,group_2,387cf79fb9fb9dba47ddb67f8dd4ebb4ec414d8c,1459959089
user_13,group_2,20d9461c59abfe466489cb9f7945bbed6f903480,1459959062
user_41,group_2,d900cb6c41be466a4c2cbcd41294ed2eaae45632,1459955467
user_41,group_2,4c161ec4b7aba61797b51f3da8d9833048e3be5e,1459954627
user_41,group_2,d92776a06aa582d170d4d6d19835502fc4ec0f39,1459954472
user_41,group_2,24ca73995e71da86afcd78d2115c64449bb75e8c,1459954445
user_28,group_2,2e062ee3846ed36e1a6d8656bef7757f467de352,1459950333
user_28,group_2,f33137301b7599a9d194acafedf6b3da5f0f11df,1459949580
user_43,group_2,8d70a6db4853c10af0b5bb24dfb97c711c30d1ba,1459914325
user_43,group_2,deb3a96df23fdc4405bdb20c0f9df50e38d4f715,1459914180
user_13,group_2,ca33c1792e4a61c6376b52a157d4662a859adae5,1459895800
user_28,group_2,da68b8dd24617d66de23c412f29788c277e3bd61,1459794139
user_13,group_2,301dd2def45f1e2103b39ea82af95b4f8c420350,1459748596
user_43,group_2,49993ff5e808f3758054a6c37d1b41ca87c79b89,1459745127
user_43,group_2,75a140915dd16e01450852c7e959fe9585b73e8c,1459744770
user_43,group_2,7fbceb2c31ebc326e9aa47178179e82f06c19916,1459744598
user_41,group_2,5046a5aac696fa521bab3a7926e394d7033a836b,1459744138
user_41,group_2,e1c8ae47ca45adc027735bfd719d8632fb3c77b2,1459743985
user_41,group_2,c97e6e98b86a3a2ad2dce96bf9bdfbe27f1d649c,1459743920
user_41,group_2,65d5fe88d0793df884c76b8ff8bb95ddb5c77db4,1459743670
user_28,group_2,e7454ad6f847ebd654fbd3b8fd100538552c302b,1459714467
user_28,group_2,150020d67cbe80ec198da80eef0a71c529646dbb,1459611543
user_28,group_2,8c22d9005e92f4947fcd9f87f507a5ac7eadb9ae,1459611530
user_41,group_2,646db9d68fa7375a957ad15e98948c77dd52712a,1459609392
user_28,group_2,8c27921ef2357f77ae5064748b3430ab0d2c12df,1459605759
user_28,group_2,b874b5b53fd5b6dd589349c38d7b0996b8b41e81,1459605705
user_41,group_2,3cd1058d30186673a60f0ec7ce4b7c0fa2c86ffe,1459541415
user_41,group_2,f445a2f1c00ab5475fba6cb49b144632fd992dd8,1459541332
user_41,group_2,fe0fc3252c07d9987459845276356c6d328f825d,1459541321
user_13,group_2,6651adde6241ab179be5058168fa87f67f1c4226,1459538154
user_13,group_2,64c399b62a48d1bd7eff53044f8148f8dd1d74a2,1459538135
user_41,group_2,f6fe5609a70ad7ed9727f658d9c0ac176afe14a8,1459535632
user_41,group_2,d40913172db8d73a564c0b650c2a0666e77ad18c,1459534492
user_41,group_2,a3d836d90c0ff2d17f7256d4daec03d640230d27,1459534365
user_41,group_2,b68e888feecab5fc3150cfc6c12a57fcce3b8dfa,1459534164
user_41,group_2,13929c978597437af881eb0580538a03b781c330,1459534048
user_41,group_2,54ca72bef4d8b79b902ae51cc53d463627025b74,1459533834
user_13,group_2,4ca8639c8e6e929775f9eb7a32e434b5a673280c,1459527633
user_13,group_2,0e9e9acfe89dc9d1679dc57926034c3c40cebdb4,1459456237
user_13,group_2,af09d546b1392ffca8e13fc76de20bae4af9bbda,1459278624
user_28,group_2,18ba239c0cc9559aeaa6170f31b74333597be50d,1458397741
user_28,group_2,6cb6da4a25d9f0bbff9373085b4e46b8b12082eb,1458329909
user_13,group_2,1ca29dcfdeb5847f467b82a0ab46188728383e0a,1458328404
user_28,group_2,6fee01a617dba57c6d74203384d3609718ed44e1,1458327813
user_28,group_2,601ed58887f7a18779f6e0a03e81d8abcb614727,1458304507
user_28,group_2,fe7ea06ffa109fe3d96b20112af9edbe4e5c35a1,1458256986
user_28,group_2,0153c2cd5b610507d065c04618566a36aa8e3d06,1458256966
user_28,group_2,3b9d77dbdf71c135181ac532aade9289ae0156be,1457703797
user_13,group_2,ce24f903a592a00f3820e2a69f402b7edc08e8dc,1457304141
user_13,group_2,f4ca323b2b14e5b7e8e9dd270e6f6f0b735b7348,1457304022
user_13,group_2,534f6e99a72922b02fbeec4f777ded100277f474,1457293341
user_13,group_2,7c51834eabfd5f705682b255cb327d697faeb1e3,1457293264
user_13,group_2,0ed90cc432b4b97eceaeb8e8b8b6417b8bf9c0a6,1457293141
user_13,group_2,e72d300163f9246e9534336f59ae117714665057,1457284242
user_13,group_2,558a12651bcac853d52a626ea4eb665caa77e34c,1457246141
user_13,group_2,8ade3c262c50ae0da45b01008e19e87bd3dfdffa,1457246022
user_28,group_2,14d416823999cc7cdd8b363b25c44a63bf1c18e6,1457102577
user_28,group_2,96eeafbd1f21f45d13c070254f6cd2c56be180bd,1457102536
user_28,group_2,2ca1c7117680c1992bde21f3d6f7809cf7cf0092,1457102498
user_28,group_2,367ed341797498b2ac62d786d0b71d1ae826eb6c,1457102345
user_28,group_2,a5284f1c190c4747777fb46a4668f06c9c6bd450,1457102324
user_43,group_2,17a57db53211990ae9a77020491afd3b4443878a,1457072099
user_43,group_2,d7b948e16e1c1d5a1a0edbb62b570e0c9599f909,1457071456
user_43,group_2,5083262342b24477f4992d269c67763e7250c7e8,1457071451
user_13,group_2,e7fbe28aa79b905302e25caed24d6254920f9b8f,1457059580
user_13,group_2,258e3f20acd3dbfaeddcbc5bbee90ceea9d10d09,1457057722
user_13,group_2,08dbbadd85940dd7f807ccf07f40156cf1d3120b,1457057704
user_28,group_2,ab00222c7d24a8ed862dc89b45d7b8226a26b36f,1457049940
user_28,group_2,c0ccbd210812ea078fd5157db96c2345967cb3a3,1457047896
user_28,group_2,18678a7bd6ade7c5824e2d9c190d7558d5ceac71,1457014792
user_28,group_2,2fbc65bf824b08f90bff8e17a5c55b112182969b,1457014626
user_28,group_2,b7241106f0820e6295267e64edfa765454269227,1457014561
user_28,group_2,200e658c42dd82646ec0d8a566e9adbc65a32b39,1457013306
user_28,group_2,6baa701e988511a6f845b05907f520de6f69cff0,1457013217
user_28,group_2,6024982e9a7bf38c50e5f64b0e45bfd748e470bc,1457012104
user_43,group_2,bc086eeb36cc8c1a84ba1c2c653babda11c70645,1456967260
user_43,group_2,6e72e15f5793394411ac1242809caa858f019cd0,1456967166
user_43,group_2,624bfed34363db7568fd92df7c4bb9f940fd1784,1456964362
user_43,group_2,1bcdff9a2f39cb612b29979f188338b20ce6297c,1456964338
user_13,group_2,015c82863d730ecdfe312bb8cfb1ccda7167d847,1456955727
user_13,group_2,772f1945aab0278637e738a0064107f4612cacc7,1456955481
user_13,group_2,1768f1fb652084a64a1c39e52f38e4bf1be13a24,1456954938
user_13,group_2,6da5ff1388131d9fc78690523dd9a4e92ae724b3,1456954917
user_13,group_2,ad522ffee686c1d804e5d6fc2a3b3a229b48bf17,1456946012
user_13,group_2,4b4782d0b3e59fa2c09d5d8a0e23d64c592ff09e,1456937309
user_13,group_2,c942016b96494a50c3c6084e9ffcbc18309041b6,1456937161
user_41,group_2,d22991cb755eb168eff0fecbf4c9885fef6dcf2d,1456935684
user_41,group_2,ffcd3b69b9a42309d1f7d984a3d73a384d59b9f7,1456935202
user_41,group_2,11cd6544ff60cb965593e0c584a734b5a74fee4b,1456935168
user_28,group_2,7f9c8e4d9cc201d47983a3101e4a936803cb65f9,1456932604
user_28,group_2,b66bc91738c51b911ab7ffdc7f3d37dd372ca49f,1456932568
user_28,group_2,a548867c7ff72fd076cfdb0b067c9bc58a396c12,1456931954
user_41,group_2,da50dc0b89e16f535575d48aa11e3d2148168019,1456931927
user_41,group_2,59c14291b5c7d458565b370b6fca8d329d37ee32,1456931802
user_41,group_2,f7c5b714dbe22eba3cf9e0a1a1ae78a9a7074265,1456931764
user_28,group_2,9abeb4f5305a47590d76d0c351ac8d3968bbe09f,1456931502
user_28,group_2,724e410561a6513ef1a774cfa8517bc94daffae3,1456931309
user_28,group_2,fdbc0dbf60965c886c540053bb3f8ff87df0caed,1456931291
user_28,group_2,45c8aeddf9e88c593f055f456110ce92e1a224b1,1456931254
user_28,group_2,bef71f9bdd326b63a58d54a48c7b178374e2201f,1456931221
user_28,group_2,491d2d3d6290957c4bb73fe14ee0613e49091b2f,1456928417
user_43,group_2,2572b9a016d37aea052913b2f931d4e836608a9d,1456887125
user_43,group_2,0c2c6cbc52f0ccd1cda2696091e5f3f04334ecfa,1456887022
user_43,group_2,5854b59c7948ae6597f46084a05115eb643c256f,1456876587
user_13,group_2,90343e065cf12c0233f3eafd319449b782c56689,1456861571
user_43,group_2,ad2ca1173565a450d55261eda0ec76bb8f68a67f,1456860344
user_43,group_2,82422a666bc3907d45247210dcd16c2fd3992120,1456860216
user_28,group_2,fe2abe8d5c000c5bd4a6f2bd2513af79afc2555d,1456779022
user_28,group_2,b3564aab648ad5a7d2de93570e043451b1488688,1456778650
user_13,group_2,71034ced17b11cb9e1589796c2715e81a4654627,1456771326
user_13,group_2,376ecf0971bd4c9873820c4d5e8eab3e132c76c0,1456770890
user_43,group_2,92e710338aeef50667bd2281e86b4044b8de82be,1456726216
user_43,group_2,85d13ab46e1dbae8ff4a4fe7edd8f6ee94fdcfb9,1456726164
user_43,group_2,4c6572d78a2b0488768f922c0bf84943efc24431,1456725518
user_43,group_2,ecca6bf93ff8983699a444d79d3a2dc039caadf0,1456723286
user_43,group_2,82d9a7a27191c8ae3f4ec76ce5c9dc6cb164a127,1456722755
user_43,group_2,db41e2e189c61b495ed0d437a355a55d5df54359,1456689841
user_43,group_2,03f1fc067f735af455b5742f16844790d7b7fa20,1456689818
user_43,group_2,160c806357d5898f51c43db4896305ba5ff1d819,1456689442
user_43,group_2,29680980e8f632a6bc6106c301633fc30e94510b,1456689105
user_28,group_2,62b65b84fab84c0c82f7bd319a44040114b44939,1456667787
user_43,group_2,5f4257df485adae0192f923f0d7eae1d5cd59461,1456638713
user_43,group_2,2230b9fb1fa1b56381ae911d3ffeddf9fb0be7d1,1456638522
user_43,group_2,a9d214fdf01405ddf7e6a2618a2b86d05b497ec5,1456634223
user_43,group_2,f0b92cb3f68334f2fdf76ff8676f9bd22b196212,1456629615
user_43,group_2,b04799a49e22c3eb86a132061498f5d716275085,1456629164
user_43,group_2,b13d43d864964a150873f1813670c999aa950d68,1456622621
user_43,group_2,535ec27c4884048c142f8e7e3eec4c1551f2bb46,1456622564
user_43,group_2,7c6e55ac70cf8342d5ae162e6e1bc0b298be34f8,1456619299
user_43,group_2,ca76b58481b31fdd889972543795633533ee22cd,1456618980
user_43,group_2,0f579f615e13d21c77a0c2655e029ef769579184,1456618870
user_28,group_2,970ad1c5cec14e72a760572005703cf19ff6e824,1456615372
user_28,group_2,4dad439630a6c02f55fb08a9ad42a987d6337354,1456607973
user_28,group_2,46fad2a86d01f0f577912ca70d0609bcc01a6df1,1456601141
user_28,group_2,ea9f9b6cfee20e682175c830edbde121fb5c9ed6,1456600853
user_28,group_2,7955fcca0f73b2d1b143cf4a6822284242930115,1456600820
user_28,group_2,f3e6c625b91d720d3487235844f535c4f7a0cc3e,1456600745
user_28,group_2,88d1816b14b18846fef480bb7009bef7e50c7466,1456600739
user_41,group_2,49705c2b5c5c656552064cb93d4baf42be2883e7,1456508958
user_41,group_2,eb934c8432a38ac571fe56e77ebcb59b6cd44470,1456449975
user_41,group_2,40320efb35553744c7b23898602f8584f2042e19,1456438687
user_41,group_2,e55da7cc628d36b7ecfe1033566f47d2c540a616,1456438524
user_43,group_2,bc21f0e80c65d84a16a9e0c047e88b41c8c1515e,1456432754
user_41,group_2,3fe1eaee4379ac2b15dc90ef4393dce1b4b7fc04,1456431796
user_43,group_2,63b9cdd3f78d18d89c0141fa0cac03088c7e6533,1456431636
user_43,group_2,ea4c086f2e5daf4be8d1f71c92270e1d1ed088aa,1456431513
user_41,group_2,cdb2cff542004af7cf1440b39b96a08ee2772887,1456429908
user_41,group_2,a1d3536671116232cf51f4ca3616862e1090bc9d,1456422382
user_41,group_2,64de88e0b288c9942b6b12ec0870fee4b3b0a860,1456413469
user_41,group_2,45ccac1a2e36e8dcf8e7342156a498ea1f8b1996,1456410379
user_41,group_2,ea56ae8de7f7ce555979856604e6e1ed3740f290,1456161018
user_41,group_2,7b1ad127c4294f44a64aa2f5b4e7459557da4b98,1455515880
user_28,group_2,4fde24006d57946ff8cbfe7e675ee8d6b3d144eb,1454296950
user_28,group_2,6ed9fe0f508a832d817058702b559a01b1616380,1454296681
user_28,group_2,bc9e85459eb20db51b77cb8e89ffe473397b7c7a,1454296197
user_28,group_2,b430b5817d89441e7965b9a6045e93ed2d2028bd,1454296161
user_28,group_2,f4b94bc03915d63326e107aadd88320dae008c8a,1454296044
user_13,group_2,8a7aec49cc786e54f4322448162e0b53198bd0e4,1454295007
user_28,group_2,3c2ab44004344b4713f3dff5688ab1d4ce48f31e,1454291545
user_28,group_2,94b208efc9a0d5758b847a2b411ee74a47e195e6,1454289664
user_28,group_2,abb73e1613a44a34938d040910011438a7665da4,1454289451
user_13,group_2,f72a69db1509b1624ce645c6b4cbdea464bc0a09,1454284582
user_13,group_2,369f25a72d174a5f77bc6a7f1689e4a8aeeaf448,1454284567
user_13,group_2,e2946cc082e49dec0241f5a612624db81ef6e417,1454284552
user_13,group_2,60b1a564df3ebbfb27ec27309e36b025d985dd59,1454283280
user_13,group_2,d10699dcbb22b6bc4efc73fe8d26b7060684fdb3,1454283183
user_13,group_2,c5c44a2e363e964919f6e8a95eda44def07f25d8,1454283099
user_13,group_2,0f37f585f7c249065f89ab255f5e14aba9584781,1454283088
user_28,group_2,43d180a11c7926d9c3591ba7d6d82a499e5cb2c7,1454282035
user_28,group_2,56f7dd7493afadd058b6689cdbdc2620753305da,1454267752
user_28,group_2,cbf2c0dbdaced9cd7a4bb942d70138c2970d530b,1454267696
user_43,group_2,46b6ecabfb3b0aa46d8b094ca1ba3fd6cd7d0a5e,1454264417
user_13,group_2,85235dbcfca8b536dc454f9bcda13d668815fa4a,1454259131
user_28,group_2,233b93a7ac8a0cc1fd7d871667c9ed906096099f,1452283742
user_28,group_2,6787edfbd77a21a33b6f1eb1c7638dbda478d7ec,1452283152
user_52,group_3,1e86afbaea6f20e00b8961c9017f42cb6b2721f4,1460687641
user_52,group_3,1e9c33feaf6ce800281baa6a06cf82c62d8a8eb9,1460663633
user_52,group_3,44c520d703e951e4051a5daea54e99e753c3ee31,1460663278
user_27,group_3,a07b2e8b759a85af663820626d247857eaae8a4b,1460663254
user_52,group_3,65355782ac1ff908e8ad6fcd338ebe9c30c35971,1460604117
user_52,group_3,efbf5245721e485c6558973be06821adefc4d054,1460603940
user_10,group_3,95f7bee1c9e4e3afff744e777d1bc6145bfdec67,1460080315
user_56,group_3,62bdd2162ec8344d4f00ebc91d4508f2e5681c4f,1460080249
user_10,group_3,11db61103c3b703edaa7477e15ed43b120af8251,1460080213
user_10,group_3,28f72e967dc9d41669d722a06bf015e0573c9b77,1460079995
user_10,group_3,77bf090730dcd3307b7342cb3863e6a276771e95,1460079743
user_10,group_3,2589b8bd33f0300f73c396e013a109e9ee34589c,1460079710
user_10,group_3,c865facec333e97421852e3444d2409fffa86cad,1460079677
user_56,group_3,a096c88936383f0d49ac3ba010db25950f99ac60,1460078458
user_56,group_3,e591d410ac4fcfa67627ebc7396cbb1b0899c440,1460078237
user_56,group_3,f57e6ff1fd5d7a2d013f81883e701a6d065da637,1460078314
user_56,group_3,adbdc5c2da838208b9cca3cfab2e351394271359,1460078125
user_10,group_3,4ff671b62b20bd624521d31af9564a2e71f2bab4,1460071101
user_10,group_3,ce44ddebdaccbff92f27d682170d3921f3aba65e,1460071079
user_10,group_3,0528f417dca726132725f0c6f06dfbce6ee43c21,1460071043
user_10,group_3,3fa82ab048aad059f22924298d1e53f6185d7c12,1460070325
user_10,group_3,f7c7a0fc3303d0349200e83866eb56406a951af6,1460068046
user_10,group_3,cee16afdf879108d8d2c31d3dd18d9d5999d7861,1460067567
user_52,group_3,2d16a584d26b56630d12893cd5dde4d69c4233b4,1460004058
user_27,group_3,65ba4684cb52618c2e1db0ed20f38e440fc00933,1460003977
user_10,group_3,652dd8ed1011a2f82912cae7d9e49d05f153f757,1460003554
user_10,group_3,97a01326a36f4f37199fd66561df4d5e42a5f976,1460003493
user_52,group_3,0fadc7e9b65adfb37c5499acfb6b1de2e094c917,1459996845
user_52,group_3,e639f73b01bc03337b2dc126e35e70741a86dfc2,1459996474
user_52,group_3,854eede9643815111e79eccf74f934d9f2ae7e38,1459996393
user_52,group_3,250af38c02745e81b72684002d9b0a8804095740,1459995563
user_27,group_3,09b7e70dfcc410657f91090cc3c2e3ff04f76609,1459991068
user_52,group_3,092e249e1357dfc8087cc3bf6c9f6a72dd029515,1459988220
user_52,group_3,3079bd8c2f43a76f36b9cd1efa29e0fd331d8a56,1459988088
user_52,group_3,56b1206061f7d7dbd273648744728120f023bcaf,1459987186
user_52,group_3,676ed60fabe1fdded09e0e0f3050b00ffdb8dfc6,1459970514
user_52,group_3,81f5e8dfb84ddd5cb40877fe8fa75801e9b1d274,1459913145
user_52,group_3,aa8c6020fd3b026f98a19f370859bf3a4832847a,1459912030
user_52,group_3,622654f6d9026c71929941f483fd4171f603c69e,1459911981
user_52,group_3,3349ab26067223105429c0edc3a5b426f3a21d62,1459911103
user_52,group_3,32dd76729aeab37e609b83e09856c237cec9c565,1459910952
user_52,group_3,bea2fbe3fedbc5cfee084b2c3e881e85525075a9,1459910296
user_27,group_3,0bbdfc2f2cafb1a15eff6a8e53972967ad9474fb,1459910058
user_52,group_3,98095ed71ff2a9c79b90178fff5f40e6354d4f7c,1459837590
user_52,group_3,5d9b1aae6a8457174066e300002100a1b1c963f3,1459710375
user_56,group_3,18172eba306d9843e051e5b6b32470b934621144,1459636546
user_56,group_3,be1008f656da208778f5842adb58cb4418ceaf87,1459636483
user_56,group_3,dcef234f26343f25b69a1a01f60df09c777ff103,1459636369
user_52,group_3,d61f096e88ad4ef724d00bae201cabb1d12750b2,1459636080
user_52,group_3,47a369c5a329522121c2bc2e2d692431d331dc03,1459631968
user_27,group_3,cb88da3a6456d6a06c683bf14ee2016fdf50af43,1459555114
user_52,group_3,21b075d87f9654cf33113b36ec39e081607d4300,1459479944
user_27,group_3,c795a252dfd938cec5795aefd53b9df38b76c315,1459466817
user_27,group_3,fe72a565fff9a6f08411f4f209e5403bca2b670f,1457103436
user_56,group_3,e14d5d934ef9c2a51b8ef1985bd5b556839cfb53,1456892706
user_56,group_3,2570de68f6ee33660f5087b9dc5082a87f42d55d,1456892088
user_56,group_3,f52618c56bd565040bdea4fe9183e7ceaf7d6de0,1456891939
user_56,group_3,3bbf7094ffaf6795561deea04c5af3bfb197e09a,1456891793
user_56,group_3,254343843e126dfe39e1a036c7ddc239d9b7a1ce,1456891597
user_10,group_3,199228850ecd43d61e8b1f428d5763a5d8d52a7f,1456887187
user_56,group_3,cbf886f3c14b8b99da8b6eae463bee8a9a111501,1456886978
user_10,group_3,f1bda84d21fa50347cd98849a861870f2d403293,1456886809
user_10,group_3,cf81bfa05b1aa6b77b582f6b0aaadc8f87cfe3b6,1456886599
user_10,group_3,aaee57ea7c5311d704c07ab709d56de29e1aa8f5,1456884700
user_10,group_3,d84b44cbe5bc63c73b84d133c73a9afaddedbfe0,1456884479
user_27,group_3,991e570ca25a28e21b249dbcb5d21a1db7eb919e,1456883680
user_27,group_3,4e434145a067654a28bb47ced08b807b9ffc7df1,1456883255
user_10,group_3,e08e63eccbd8d2ee6c6e60a31f0c683a3808a6a3,1456882648
user_52,group_3,176e5f544e58bfcf8e22f29091dc168ab95bb4ec,1456880018
user_50,group_4,5590088ab968f7864cda57ebdc82c64d9c556845,1460088042
user_50,group_4,10313b74a337b53bb3240480d0240a2660d50687,1460087694
user_50,group_4,fc9a350a77cf47911667fcd025761ded8d8fa5b7,1460087545
user_50,group_4,24abae9bf9d3edf3ff5157e15be0f3402975d8af,1460087469
user_50,group_4,160fe56107de648ed5322dfb9eda55eff192c55f,1460056331
user_58,group_4,c0c51aed3bc1a48db8e35bfb3e572b0e3ae8bd5c,1460080127
user_11,group_4,5de93fa708802bfdbac2cb83311c2fce6e753e5d,1460070427
user_58,group_4,5104b8769e4704a4fa633bfe91d4fb08bbf15fe7,1460060247
user_58,group_4,19c3a0a8cc1f92c902d8d3e99253622b80f04995,1460060134
user_7,group_4,7b85814ddf164ab41ad58859494c03540c3ff4d0,1460059266
user_58,group_4,7c719346110495c9ded4b171ca8314e27d331d1d,1460059121
user_58,group_4,8d425bd25d961933f28bd2509d3dda8805406550,1460055229
user_58,group_4,fc37dd06b3c33559438971117a45c4b365652c54,1460055150
user_58,group_4,be7a46a71c30d317261d14da4daea553ebd7b341,1460055127
user_58,group_4,351e1b896b738661efee17ae16acb56394b9cb6f,1460054985
user_11,group_4,97bcc2115a6230b874678dabc10681aea33e8a5f,1460053726
user_11,group_4,47adecabf45f187ec193d4fa98552b8ded208136,1460053120
user_11,group_4,c3b33626fb2797cf2bf0ca1d29cbafeca3dc5892,1460048536
user_11,group_4,d93259e018f3f44802b870de1749e2ed972f131a,1460048314
user_11,group_4,75b762a900d163fc15e8b9f9223960ea71323d93,1460015493
user_7,group_4,2e1ff22a4c13458be3c58d71eac87b3c528bb234,1460015040
user_11,group_4,d41d87033146f65313fbe341a4bec6730412be6c,1460014575
user_7,group_4,d2ccad6a70b9c41f3da62cafc09bcc277f12948a,1460012904
user_50,group_4,1f66e6a1e3a17f1bc2f0a8bfee2f6c05439e1398,1460010517
user_50,group_4,92fd650250abe778f3646bb7964cbd196ec9044e,1459961109
user_50,group_4,3d1315898921796cc2761aea1463dcef9e250ae6,1459910899
user_50,group_4,42c8e4184a1b50fd568b879e2916bc1c57a7b190,1459889322
user_50,group_4,93db4cda15c847bf2d6d247f991b5dfd55a1293e,1459662005
user_50,group_4,8604b2634f799e35f3294f015c412b27c7cb2cb2,1459660882
user_50,group_4,1f35d62b7bd559b25f5958f37add2d53a713fad0,1459660716
user_11,group_4,ab289b54de28573d0a47e06bfad06d5612e2a400,1459492607
user_11,group_4,07739c5310f13c142c703733090f9cac3dcd7781,1459492376
user_7,group_4,f3500041a224adf231cdbd37285d404244996caa,1459490458
user_11,group_4,95fd0a10d93e1058a7c655c24cbe88d8f777c6c0,1459488749
user_58,group_4,29f8df4cdeb79be41e45c139e135ec44cbb649da,1459483391
user_58,group_4,a7837ee3ff4dc97248b36a534f942930127cdc93,1459468512
user_7,group_4,39f03d957dd7926722be0cd4fdc7b99aa78c2f8f,1459459013
user_7,group_4,e46176e4eb534d61c0542217df0b61c9aee21df2,1459458010
user_58,group_4,117ed9f6c1c188a28f03453bf6c18eb8a4dac6bd,1459442114
user_58,group_4,9a1f041109f1005ec20a05bc6fad516be57a92bc,1459441988
user_58,group_4,8e03ae862de19f7ecbce605294d667066ac27d27,1459402927
user_58,group_4,bba1b3d1ddfb0f726f843b79202632960feac9c1,1459402770
user_58,group_4,0b02b125b50cd6b0c154cb52a49a9c321547e8c3,1459402731
user_7,group_4,69d3f859147eb32a6040592e3d471972a0074784,1459397743
user_7,group_4,86f60dc67e4d453535eef74bc2c0d760190b7bf9,1456894146
user_50,group_4,b0cfae70d55a44091966e314eac80e147fe6fc91,1456893559
user_50,group_4,37e2b069433699586dc98189fb56f499af477dd5,1456892976
user_11,group_4,408a831c2307ec4b2a3c7f3e631951cdd4236f44,1456892808
user_50,group_4,174f38dd67d1e35d4502f0ff0e534050c4b6d170,1456891923
user_58,group_4,424209a024acdd03929bf315b2457ac0abe63ea0,1456885727
user_58,group_4,9c45d32708f0fc32b24d2eea0e99e569da50627b,1456885636
user_58,group_4,1096b51ef14ea6f3239f38568caba6e377fcafa9,1456885489
user_58,group_4,8e552ba73e2cd49bc68ba3b02005bc88a2083eca,1456885078
user_58,group_4,13e4f0b9664d214e02571433e1ddeb741d7fb19a,1456884354
user_7,group_4,8cf6fa813f3a90b88c10fe881de6b822645afeba,1456880389
user_11,group_4,0577f02b783b1024e18f9b58ca6886295654ffb5,1456879390
user_50,group_4,5205156a8e53b31c4f62cb40e57fb50bae944a0b,1456878978
user_11,group_4,fbeddbe387356371a60a08ea2eccff2c16c93a18,1456878815
user_50,group_4,c64e9d622ad6ac905e772b43f34100324b3cf1fa,1456877771
user_58,group_4,78db461698392a6c1f55004434de4ed1a029b66a,1456877712
user_7,group_4,1ab35bf5e1fe9d99ec8b9d1aa404413d3c620a0d,1456877523
user_11,group_4,b122e5f3a96e4e044e0649e8710f086971867050,1456877346
user_7,group_4,2e851bb940df5d161d9bcf0c75c098d8082e76da,1456876577
user_11,group_4,8fbdd85bf07fa4599270e01ae620dafcaf103f60,1456875201
user_58,group_4,b71e03d7d9fdaafa057cec25efe5d927cf2969a3,1456875129
user_11,group_4,5319694ba41bb23b4764f601347e1e525a8f7304,1456874227
user_11,group_4,77439bfb9f73e9d94ecbfdd0ca45aac6bcdebde8,1456872316
user_58,group_4,fca377f4b97b5e856a4ec4ef15e369c64065ddd7,1456865998
user_58,group_4,3b48fa749c9b71949fe82552fd634644c2996715,1456842424
user_58,group_4,7c5dcbd6c961099acd2124b20ae026c0b8907ed1,1456842034
user_58,group_4,83b2bd8a6d2b017b4f9aeca01cef399cbc5e4c96,1456840918
user_58,group_4,12b7625d1a6de31d7b232ae8c8fd14c40630fd0d,1456840215
user_58,group_4,d6487dc24fb57e07266cff5f063c29076ab0ea17,1456795379
user_50,group_4,2cdfe53c60940c34b9c534693c8794729b5c3e4c,1456790259
user_50,group_4,0959ff1ab4ffe7310bdb3804c5bbea6bf2d9ec49,1456781962
user_7,group_4,6fdef88bc193e562c3ace8e625275d550035b8eb,1456740284
user_11,group_4,84ebf38db477a06888dfd4b8bfdf19f58bb02aae,1456737763
user_11,group_4,73b491f3a831e519a40a7652427dd8b280ea214d,1456737689
user_11,group_4,6b7f6cfc316feaaec035e035adbe80f5afb8ce5e,1456734712
user_11,group_4,303647fd779b8b7776850031fabef26ee108968f,1456734405
user_7,group_4,d0d0901efa7c0124b4398ec1a84893bf9cb530a4,1456733114
user_50,group_4,59fd2fe4acfe664f2f5a4018d9cb0dd0baa6146f,1456732214
user_11,group_4,39454cc83ff15828f8ab76362c5ea6bd74f0be90,1456731537
user_11,group_4,b6676828c31b840bff7e7aacb2554a2fac0f9232,1456731292
user_11,group_4,6c23b90821c724a740da556f9bb9da5fe4e35320,1456727538
user_11,group_4,d2951288fa0a630e360b8652366d3483b6018147,1456727333
user_11,group_4,073007cf24b955c26f2d076308e87768e3c10d27,1456725911
user_11,group_4,8d1e3b2d5ce67ccf6de4b0db80c5618f5c04656a,1456725709
user_11,group_4,e1cc0e4ac94dbe87cd03b182ae4431bed9fee9d8,1456725496
user_7,group_4,7697c23f9af7a726c5f4983af7d00dff55cb9bea,1456712848
user_7,group_4,6050f0c1b77f1fb47ff8f424b46641c0ad061067,1456710247
user_7,group_4,2c4951679d4996d54a126ab48c9936cc86b21cf1,1456709268
user_50,group_4,54cfbf6a1424624dd82ba2e0f8865d96cbbcbef8,1456708317
user_50,group_4,666caffd3449223cf4db761df1972f1665bdac42,1456707637
user_58,group_4,e6e2fba4969094071f365c5d23a517dd5336799f,1456668342
user_50,group_4,7f65385bca3ff13a1273c4ce1295c90bb8124a51,1456654542
user_50,group_4,9df2c4e8e6f9ead91c1dba6fc429bfc964525344,1456654394
user_50,group_4,b016425eaa7d830dab092d8bd850076fb5c59b22,1456651878
user_50,group_4,5a14c3afe93439142f6eb771f2207c082aee3176,1456650888
user_7,group_4,52389468cc06ac525c0c5be14f21bd5f1b7f3044,1456647587
user_7,group_4,470b8c8c8621c64f097a9b579c0a9548288eec8f,1456646545
user_7,group_4,0b52af42a2a6e99b817abcbe1b93ff82daed2c5f,1456646458
user_7,group_4,512bff4bae438da40a09ab705c634aaccf8d5bc9,1456643202
user_50,group_4,6a803620f1fb8f68dcee40010d95d5ab3cf6783d,1456642824
user_11,group_4,252024cb769cd389eac45dcb713a483ce6cf959e,1456637631
user_58,group_4,a70593ed00b55153fa11dbc28d6c421614828bdb,1456631806
user_50,group_4,7de7d63c503e77b950677ccdf793b72d9488c991,1456621142
user_7,group_4,552b5d0f9d56c1449facf83f522b7d54b864c85e,1456607406
user_11,group_4,36b1190d0df0b58b7cac06daf270f826a3b126b2,1456601689
user_11,group_4,f2e1a9c7050bfee6a8d8afd70d505caaf6b4e67c,1456600707
user_58,group_4,679e1d2e58bca07bae19399ca6b1aa73b6184dc8,1456417132
user_58,group_4,0ca8983f091fe8629ff5fd4845061ca784267bc2,1456416598
user_58,group_4,f5f713d32d03f6fd2ce712ee6ce110512b7b6dda,1456165672
user_58,group_4,7e3c19276cb202dbf8c708a2e45e8d1519be76d7,1456155978
user_11,group_4,75ab7d65135425330b01a8fc517cca7edb8b235b,1456132536
user_11,group_4,12ab14f3f17880cd214cfd4ade858c31b946a151,1456131906
user_11,group_4,6b695823ca333e14c63853431f7180d5fa7d2ec4,1456131642
user_7,group_4,fed481e621923b1a0567827c5ac0b2627eafcaff,1456127197
user_7,group_4,fb5055e2edc7b2c093235813f62785459aee9702,1456125053
user_58,group_4,5850eba3bac8fe586ccd21be34a6ac5962921b47,1456096324
user_7,group_4,e426318bb30f7cac6e67d0a1eae550adcc5925f2,1456094086
user_50,group_4,2ffdbf4a61f95f664f9efb1d2f89e1cc832b974d,1456093633
user_7,group_4,3c4cf9a09c58509c9193555b5c3f17c065ac21f7,1456093971
user_7,group_4,ecce55883048ad5498029bbd326dd360c4cc3aad,1456093691
user_58,group_4,48de589132b8527d821dd41897d6b09f5a12f8db,1456093171
user_58,group_4,a71d433432bcc6f33330ffc70a80b02881b2b10f,1456092994
user_50,group_4,08e0891a2ac7307720e16645cc2c3c62d3485531,1456092257
user_7,group_4,90fb6fe2eb6cbb48fd392fbd449673012690824f,1456092159
user_58,group_4,b4bcaaf1edfbeb1141322bdde565a08d8f347681,1456091796
user_7,group_4,dce61af04ceeebca2281cbf27c7f2cc20ee7ec62,1456090944
user_50,group_4,5c22dbd24b564301a76899e3b8e5065702e508f4,1455907302
user_58,group_4,2ba1f03e6b0f3d06dea17837bc2999e3a7ffa9a9,1455846378
user_58,group_4,514fe3a82cf2835c57b030235ed8ce357ed98356,1455829641
user_50,group_4,d88c5018d1efe4d3fadb3eb1f269b267739caa43,1455828792
user_50,group_4,18d14d43f40bcdd3d3bbc355b43417f59fc138d5,1455828726
user_7,group_4,24c666bc9de3f7db3226e7d459ca10e93f9445a5,1455828404
user_58,group_4,9f06be6c21e8ce695ee211d30fb0434716e4ac99,1454601396
user_11,group_4,5979257304bc3150989c7e232bcc3f577d5183ec,1454365734
user_11,group_4,9ceecefce30b2dac2b212769d250976ed1913c5b,1454365648
user_50,group_4,475544226f5416db91d0ee486b38a4b77d7f5bb6,1454365071
user_11,group_4,fdd6b65204a29335c235a46684db14ca7b2783f6,1454364998
user_11,group_4,86004ee0f914a277890a7453bcea87dd08d7b20f,1454364983
user_11,group_4,1ebcc523d505b522773696fb16dbfddcf9027ed8,1454320124
user_7,group_4,323b1b81e9b637c2f7e94c896b7e9c52ddd16fcc,1452293386
user_44,group_5,715243ba99d2afd2e05b6824445fbf7848ad3a38,1462087409
user_29,group_5,c2bb6429f4f42e8646c52176e93373d33faf3b76,1462087009
user_29,group_5,e45aec2b63f281b08ea7f08d46a8673319e5f893,1462086949
user_29,group_5,0fdf8e8de87ef5f55771177f140d40e4fe17fad1,1462086897
user_44,group_5,3d1718534662b4124cb404a1e7d1953a647e5d55,1462086521
user_44,group_5,89d2b1796bcf5e739d6f0b531480aa24dcded028,1462086434
user_44,group_5,56526eb8715c730e6a6c69585f59fee8f5171964,1462082867
user_44,group_5,6d73cd00b09eedd5f9ef5e1b64a1e2214fed47a7,1462080854
user_44,group_5,27c608d761b0a6e11cf0125ab103cc7b9c735995,1462080692
user_29,group_5,38cc9b8ac46f1d5180faf6d0da8cfbfae90ed643,1461998097
user_44,group_5,947cdca4f0157e9a198033589b55115602de1132,1461977101
user_29,group_5,2656dc0fe8e9038b2ad9888d5bae14886983028b,1461713286
user_29,group_5,aa2e9a0ccbedb048278808be14941d541a6f7fbc,1461713134
user_29,group_5,46aa179c8962ac805830905b16c7c51bf6c0edcb,1461034758
user_29,group_5,f0be87a40eb05d0e5c046c2c88ef936bcda78e99,1461034730
user_29,group_5,d8d5f76eba2fce2e3cd0c7e5a489889132953722,1460131550
user_29,group_5,9696d6dd186cf9965bdb60ae68d99f49b0db3215,1460078491
user_29,group_5,e98438411d7c796184833b398747a73efc056672,1460078379
user_44,group_5,a5c2ec1a7af8762fe67a3301ccfaa3fbab489f09,1459909578
user_44,group_5,cda898281c16c03d5b67c0ec9e29ebd4563f2073,1459903352
user_44,group_5,599beb19769aa5fb09dd620e2d019417f79817f6,1459879504
user_29,group_5,90340821d75e699ac80d950b0d34cc54decaac69,1459712562
user_29,group_5,b7e3b9b9400d0558b50610c5f1db9d927dff3224,1459450282
user_44,group_5,0931dfee03a7c78e51e120eed7fc72c79f532a0b,1457118276
user_44,group_5,51151d6d699a0274e5272b81a6a17596f74904c2,1457117470
user_29,group_5,85c8f4dd130d4d5b100077630fad9b54491fbd0a,1457064111
user_29,group_5,bf50b6b0291ba065db69c87cdec6d7f561c6d8e7,1457064077
user_44,group_5,dacc62032f9479fd3a72a4298223d86696b2872c,1456892387
user_29,group_5,b4a7d1bf122a824656ab1d2220b607e12271f5be,1456890120
user_29,group_5,da420394f38d00a035799f610043ec2e510a0d44,1456889958
user_29,group_5,b65ce74d2eb9165617721f3260f062f09cf5cd05,1456889883
user_29,group_5,af85c93f96c56249032574cb3b304d47664708a7,1456889873
user_29,group_5,8b0f510ba5f30bd36efe0392a51cea32450fd637,1456889826
user_29,group_5,00b6c0fa128ddbbcadddb8deebf4c1edaca72067,1456888768
user_29,group_5,ff470d21536b6bdc4724c4292e0b912d077b8618,1456888251
user_8,group_5,97be66e63da1f65184d3f0b7ca641e5a21d4f36b,1456879636
user_8,group_5,c1a63957be82666b7f18deb1085a37c4ded45822,1456879494
user_21,group_5,165acc450c2d822c078494ab4044870678589d49,1456868788
user_21,group_5,96ed3a0e3b21b3d2cdfaf16a97defde0b73d4f70,1456867313
user_44,group_5,6e7b64cd762915058494aa2979ea52c9bd39fe79,1456866764
user_8,group_5,0c33fa29aeba41d9ead07d9d2566b3ba604b06be,1456817699
user_21,group_5,b063e28c4c5cded7422abee94b16bb024f32ee28,1456817556
user_44,group_5,729f6a9db40bddca10105dfbe5f73b672aba9a69,1456814105
user_21,group_5,2acf23a0679125e963b86d02f1d1b81ff218471f,1456804775
user_8,group_5,9e37ef717af0b18ce36298d2340f7e632665075b,1456804103
user_29,group_5,bfc36c0dc8c9680d26b65fdae10fbcbcece3765b,1456801112
user_29,group_5,6d69bdd86d7e7bd7fd918b53c963db6d8bfc53bf,1456801044
user_29,group_5,c0e27303aab58e92569fe3f298d2b0bbe6ff90b4,1456800909
user_44,group_5,2ecdc2b60f0c1a72154198d91cb86e51171458ed,1456780842
user_44,group_5,66a9b8494b547727a0c58688630f44c05ced3f5a,1456780670
user_44,group_5,d61ca0391e5a6d30ec80fde6be6d7da2d5c760d6,1456780174
user_21,group_5,9c6ba6237d39aa76e3bbb051aa239e6f9bdb4f9a,1456729172
user_8,group_5,5ea14261108f79785cad07492faf2a2736443b84,1456728690
user_44,group_5,04a636aca7cec7ec48af165b07ca599ff775ff17,1456719530
user_29,group_5,55c3ba009b7dd55bbae368301b4750767b12f285,1456707992
user_44,group_5,9704a674b2444dcff3ee4e7edbb9033e3310ea9d,1456701999
user_29,group_5,e17d1b8fb1c1bbdbacec228121b3b1a2edf2b4f2,1456699243
user_29,group_5,2888c42cf7498edcda79406093b52f9cd05bbc24,1456688310
user_21,group_5,138292c71a790db3f3adb81e5985d9872aeeb8f7,1456676032
user_29,group_5,e4f98e054d455a8d6567c06deed734e3633adc01,1456637218
user_64,group_5,1b188b22bf98d69a2a6fd9e6c2ddecd534105e3b,1456632307
user_44,group_5,494b3d0b3de5c3dccd89d4cb5f4708b676b1255a,1456629519
user_29,group_5,34da5861de8dbb41731d96f45d1b17776437c08e,1456623787
user_64,group_5,c61f4e265947dfc9d4ee8715c64cd36345377bdb,1456621835
user_44,group_5,8f8e74c38cd1def5f7df6fa72486477e7411aa80,1456617200
user_44,group_5,2198a5e5b2871349ca4e2b063d8f792da1d66a97,1456615947
user_8,group_5,252c48f38c129fff30c906f5f83fc6d3356b1143,1456614961
user_8,group_5,eed50f7e15bd85a188e23b9b9791d7dda748d678,1456614946
user_29,group_5,8d7524d175c8c7a0af0b245e407aee5ba9fd2e49,1456282764
user_29,group_5,37310e18cdd2db12a1d565d19536218327db63a6,1456282737
user_8,group_5,72e2fd8c446f4ae30030d5b8ca3c0ef1bdfb35b8,1456281468
user_8,group_5,35cf64e2f74964f66761f80ad8baa2d30d187e5b,1456277705
user_29,group_5,ff335e5583c528e6c9bedcb1ec06f8c6ac11b64c,1455945900
user_29,group_5,e5a4a4c29880d7042c3127afdea8b2029d63bd00,1454893763
user_44,group_5,5a77ba75c3f1a0708f2508ecbb06b66698fbface,1454890974
user_44,group_5,4977dcd3756e55564538dc126b18870d1cb34a24,1454890857
user_44,group_5,6b96219d0aa168e71d2ab32fee16b208c4de10f5,1454890630
user_44,group_5,e2ab0100007f97b09670d43c487b5f7dcf9696b8,1454890598
user_44,group_5,cc656195a7ff30c875066ea6149561cafdbb5131,1454890439
user_44,group_5,13938f0f971736c979e01e1f9c1752f772418e0e,1454884355
user_44,group_5,ea9f7fc926c6c2ac917247680b188c0ff1ed015f,1454798372
user_29,group_5,7891d862bf54ba6d1f90b5c4b5cc0e6023073265,1454797865
user_29,group_5,c8c4a42720f4c4476ffcf145e1ce1ec7afb67f05,1454797593
user_29,group_5,64aa1f1eaa5cb5b86204279eb820e559007d4c55,1454797546
user_8,group_5,fd049da1d88fd09f4ead39f137e730a0ce7c3c43,1454633714
user_8,group_5,8c0091d85a0bc779ac7cbd0af05761162be74da8,1454633688
user_29,group_5,7b812a5c73043d39314763fe15bb87cf16f5f9b7,1454379150
user_29,group_5,c461171c9c5e52c95ed745e7d84604e4d6536951,1454321932
user_29,group_5,90d55b2a8edc990051da2e1cbf89ba257da562c2,1454321675
user_29,group_5,42d69fae40c4c267e28fc494f712981d077e1bc9,1453606063
user_29,group_5,e084b84f768378a88a3b6d607b0fb4b954e28853,1453606018
user_53,group_6,7407903ad16566f8c7036cb28c9ab094a5c0d067,1461706793
user_53,group_6,0e7bcba24c1e108261ff6d99f23040fe7387bedd,1461706667
user_2,group_6,d2f60b31e4a0530fc1397a61e2390be386a0c9fb,1461089813
user_2,group_6,0a9ad00bfef8e0f65f5982a74349068a2cd2cd9b,1461087642
user_2,group_6,f9477453de980574ab3d6f915d00c8ace02df300,1460088253
user_2,group_6,893f780a3aaa466db4fa8d5d57d5170cf793220e,1460088044
user_53,group_6,56d842a857fdd49411a013cc4e55c308ad9793c0,1460087896
user_2,group_6,c19394de31f8eb05d65a76394513c83f78167ccf,1460087656
user_53,group_6,4d3e2f62ad6c115b1655bbefcd533687b22babc2,1460006806
user_53,group_6,dda948844fee3fc0973508b1f31841a5184cf98f,1460006239
user_2,group_6,79bb0f32d968e93dfedb4b23976d09f433179258,1459626808
user_53,group_6,8374379ac513572d7e8b8088bc9249bcd55f217c,1459389601
user_53,group_6,7320f2f8d936494f830cd3c59a3b7fa8257e2334,1458437973
user_53,group_6,afc5d058083dcdc4b9752c82ce0e0735dadb3110,1458011606
user_2,group_6,285c3500a781562b452668eb2d9db2608b40a418,1456878732
user_2,group_6,cc74dd4809658b30af78d8886e248bf89f8ff639,1456878495
user_2,group_6,88fddc1e26d73ed7bb79f8e066b5663e62de5fd1,1456878253
user_53,group_6,659c8cd74aa9ff937c92383de6aa65f9dbb4770f,1456877157
user_53,group_6,1be5f90ddf926b1f0609ef8fa139527f112f02d6,1456877016
user_63,group_6,95db7f21c00e9a662ffb95ada89068904182d58a,1456876826
user_63,group_6,366e1dc828636af306433c8a5498d0671c3e59e7,1456876736
user_2,group_6,3473109a9a0700d25ef25623d1d4187ea290dfaf,1456874779
user_45,group_6,d824831b0ba4196b273c1b87291ec44a7dac7b3a,1456867674
user_45,group_6,44b1fa5bdec1ba1795d3ef0e1d5b5c80a295cd2e,1456867612
user_45,group_6,5cae69d234fee25b3d7db6c1a12117dcee2643ea,1456864915
user_63,group_6,7ef1b720b7316c8be2592ad2622809ffe695c531,1456861739
user_45,group_6,c76ed8958892207e0b0ee2ceee9290df4ed2d7d0,1456861663
user_47,group_6,009b658ec8ac75378fbc15337391c0851fbe6798,1456854728
user_2,group_6,9a70d1305aff1f14b8a3b261f9cf0f3ed96d413a,1456791796
user_2,group_6,51412702428f486a5d905faf1ccfe959387370e4,1456791088
user_2,group_6,9eeba1823cca3ccf2224f432f3c190d63e27288e,1456718788
user_2,group_6,910b5705b5932f03f395bbeb39a53589cafeb4a3,1456718410
user_2,group_6,9e6e2ef75886ebaa4b859d2781c6095598a4aa06,1456618153
user_2,group_6,1de58408db42423575d368fd1cb4349502e8517c,1456617893
user_63,group_6,f64a2707d7a6bf1847e5c1300ed595cbf1523bf6,1456617177
user_63,group_6,0808e03005181e05ed23474b182ad2201ad4c634,1456617148
user_63,group_6,49b64b29ace983ad786fedfd0014c47a0a455049,1456617051
user_63,group_6,58b14d53df6457892f51800fff8d1ccfd03b1afc,1456617007
user_45,group_6,d565ce5807edb77d76feb909d46523ab22026177,1456616882
user_45,group_6,e01ec7072f39b9fb8086d72e6d45df73049964fa,1456616838
user_45,group_6,d3bf2442df85bf22124ef29832c1001048e2c941,1456616770
user_45,group_6,bae3216a9fb3815931ac34fe2ff803373606a6b5,1456616688
user_2,group_6,62e1d457ce7f1ed2dcc8e559ea8755f6a0c48fa0,1456613498
user_2,group_6,ab6f0dcee48f451445a7cca65f72870d61e8add5,1456609057
user_2,group_6,defb6d887de34b32b6308e084222fe0ebc3288c2,1456608939
user_53,group_6,16bbb8d38d29463d7ca555e0d57247026bdd7fab,1456548811
user_53,group_6,9c5b0a9b2208e6c7126c796fe28be165eaf70310,1456521482
user_53,group_6,008fa8c7ba3bcba1ba3de392c39b35116d80af54,1456484942
user_53,group_6,801b445402726973eb44161ac95cccd446b4bbc3,1456484586
user_53,group_6,25b1b4957168f399940f414bd80fccbe85680b4c,1456479396
user_45,group_6,7988af93815e43f4f8e72fd19b9aad6ff82df4d5,1456252219
user_45,group_6,8edaad100332405857bcc2628dd28a80248d6344,1456251747
user_45,group_6,7c1ba30de5fa02bde3587e068af57675b486b3f3,1456248599
user_63,group_6,d214bb1580ad6aa4a82bcb2a844ad2806e848c20,1456248518
user_53,group_6,f51cfbca85e7acacf8f2ae7c0b0c9298089de36a,1456217057
user_63,group_6,1b9aa88a03dd0e5767fef8577f906f28ec131d13,1455923252
user_45,group_6,1eb6295a123dee503c2d89d43571fead023a24bf,1455633671
